{
  "name": "deadleaf_13b10_imatest_intrinsic_full_reference",
  "calibration_file": "algo/deadleaf_13b10_psd_calibration.json",
  "gamma": 0.5,
  "linearization_mode": "toe_power",
  "linearization_toe": 0.12,
  "bayer_pattern": "RGGB",
  "bayer_mode": "demosaic_red",
  "roi_source": "reference_refined",
  "roi_width": 1655,
  "roi_height": 1673,
  "roi_refine_percentile": 45.0,
  "roi_refine_sigma": 5.0,
  "roi_refine_min_border_margin": 8,
  "roi_refine_search_radius": 4,
  "roi_refine_step": 2,
  "roi_refine_area_tolerance": 0.98,
  "intrinsic_full_reference_mode": "paired_ori_transfer",
  "intrinsic_full_reference_clip_lo": 0.5,
  "intrinsic_full_reference_clip_hi": 1.5,
  "intrinsic_full_reference_registration_mode": "phase_correlation",
  "frequency_scale": 1.0,
  "normalization_band_lo": 0.01,
  "normalization_band_hi": 0.03,
  "normalization_mode": "max",
  "acutance_band_lo": 0.017,
  "acutance_band_hi": 0.035,
  "acutance_band_mode": "mean",
  "noise_psd_model": "empirical",
  "noise_psd_scale": 1.0,
  "quality_loss_om_ceiling": 0.8851,
  "quality_loss_coefficients": [
    37.240228358776136,
    26.54550669779819,
    0.4538662637619741
  ],
  "quality_loss_preset_overrides": {
    "Computer Monitor Quality Loss": {
      "om_ceiling": 0.8851,
      "coefficients": [
        5677361.198044325,
        -16715685.9524707,
        20317567.326582585,
        -13046703.33912079,
        4667794.619228022,
        -882296.9160375095,
        68863.59709647154
      ]
    },
    "5.5\" Phone Display Quality Loss": {
      "om_ceiling": 0.8851,
      "coefficients": [
        -110912321.41149135,
        50461107.51563171,
        -9079490.127807735,
        815148.8697247265,
        -37712.984407641874,
        854.6941149036079,
        -6.261149027919645
      ]
    },
    "UHDTV Display Quality Loss": {
      "om_ceiling": 0.8851,
      "coefficients": [
        1783462.6221675149,
        -3813432.5606394163,
        3326218.4642961356,
        -1514886.1959663907,
        380334.163146246,
        -49956.87092015135,
        2692.9566508574017
      ]
    },
    "Small Print Quality Loss": {
      "om_ceiling": 0.8851,
      "coefficients": [
        6690980.837239251,
        -12955277.716404187,
        10300283.291740375,
        -4303759.200708971,
        996904.2653558743,
        -121409.71509269004,
        6084.6471373306085
      ]
    },
    "Large Print Quality Loss": {
      "om_ceiling": 0.8851,
      "coefficients": [
        2355074.475971866,
        -5276146.244338096,
        4846781.143787682,
        -2336594.295523967,
        623766.4933095274,
        -87476.30712136331,
        5049.882965558553
      ]
    }
  }
}
