{
  "name": "deadleaf_13b10_empirical_chart_prior_slope_m006",
  "source_count": 40,
  "blend_width_cpp": 0.06,
  "piecewise_segments": [
    {
      "start_cpp": 0.0,
      "stop_cpp": 0.24,
      "log_frequency_polynomial_coefficients": [
        -0.08560034693213156,
        -2.304373899007511,
        -10.427709574750658
      ],
      "polynomial_degree": 2
    },
    {
      "start_cpp": 0.18,
      "stop_cpp": 0.5,
      "log_frequency_polynomial_coefficients": [
        -0.08560034693213156,
        -2.244373899007511,
        -10.530599990239481
      ],
      "polynomial_degree": 2
    }
  ],
  "polynomial_degree": 2,
  "log_frequency_quadratic_coefficients": [
    -0.08560034693213156,
    -2.304373899007511,
    -10.427709574750658
  ]
}
