{
  "dataset_root": "20260318_deadleaf_13b10",
  "profiles": [
    {
      "analysis_pipeline": {
        "bayer_mode": "demosaic_red",
        "bayer_pattern": "RGGB",
        "calibration_file": "algo/deadleaf_13b10_psd_calibration.json",
        "frequency_scale": 1.0,
        "gamma": 0.5,
        "linearization_mode": "toe_power",
        "linearization_toe": 0.12,
        "matched_ori_blend_start_cpp": 0.1,
        "matched_ori_blend_stop_cpp": 0.3,
        "matched_ori_correction_clip_hi": 2.0,
        "matched_ori_correction_clip_lo": 0.5,
        "matched_ori_correction_strength": 0.5,
        "matched_ori_reference_anchor": true,
        "mtf_compensation_mode": "sensor_aperture_sinc",
        "roi_source": "reference_refined",
        "sensor_fill_factor": 1.5,
        "signal_psd_correction_gain": 0.0,
        "texture_support_scale": true
      },
      "by_mixup_curve_mae_mean": {
        "0.15": 0.027099147969394062,
        "0.25": 0.027018543743670874,
        "0.4": 0.03163058901770399,
        "0.65": 0.04307123339259447,
        "0.8": 0.05367665927273614,
        "ori": 0.06106748317240975
      },
      "overall": {
        "curve_mae_mean": 0.03829885965720144,
        "mtf_abs_signed_rel_mean": 0.08000060929848385,
        "mtf_bands": {
          "high": {
            "mae_mean": 0.014932518511770182,
            "mre_mean": 0.07891736273869208,
            "signed_rel_mean": 0.03661252915297057
          },
          "low": {
            "mae_mean": 0.03704553941403868,
            "mre_mean": 0.046572470331734825,
            "signed_rel_mean": 0.0237949421475065
          },
          "mid": {
            "mae_mean": 0.039363335751270025,
            "mre_mean": 0.1257594696663243,
            "signed_rel_mean": 0.11286747094877544
          },
          "top": {
            "mae_mean": 0.055666967028390836,
            "mre_mean": 0.16670861135716236,
            "signed_rel_mean": -0.14672749494468287
          }
        },
        "mtf_threshold_mae": {
          "mtf20": 0.019020466192874952,
          "mtf30": 0.016146807749620483,
          "mtf50": 0.00950806109105339
        },
        "preset_mae": {
          "5.5\" Phone Display Acutance": 0.09803529880362132,
          "Computer Monitor Acutance": 0.06260413629015896,
          "Large Print Acutance": 0.05167248220411064,
          "Small Print Acutance": 0.06900319833989423,
          "UHDTV Display Acutance": 0.060211557979749045
        }
      },
      "profile_path": "algo/deadleaf_13b10_imatest_sensor_comp_toe_reference_anchor_ramped_profile.json"
    }
  ]
}
