{
  "curve_acutance_error_by_mixup": {
    "0.15": {
      "count": 800,
      "mean_abs_error": 0.045883697222583564,
      "mean_signed_error": 0.03595321551741043
    },
    "0.25": {
      "count": 800,
      "mean_abs_error": 0.03701426196467175,
      "mean_signed_error": 0.023422171759706636
    },
    "0.4": {
      "count": 800,
      "mean_abs_error": 0.029404867118321222,
      "mean_signed_error": 0.014769936703798742
    },
    "0.65": {
      "count": 400,
      "mean_abs_error": 0.03325528413603756,
      "mean_signed_error": 0.02395292612792721
    },
    "0.8": {
      "count": 800,
      "mean_abs_error": 0.03844904396755889,
      "mean_signed_error": 0.009575414378523559
    },
    "ori": {
      "count": 400,
      "mean_abs_error": 0.042927435675790784,
      "mean_signed_error": 0.009248657252930228
    }
  },
  "curve_acutance_error_summary": {
    "h40.0_d1.0": {
      "count": 40,
      "mean_abs_error": 0.0016919263896045217,
      "mean_signed_error": 0.0016919263896045217
    },
    "h40.0_d10.0": {
      "count": 40,
      "mean_abs_error": 0.027851998583472336,
      "mean_signed_error": 0.014489405633939242
    },
    "h40.0_d100.0": {
      "count": 40,
      "mean_abs_error": 0.025648137126074853,
      "mean_signed_error": 0.014735487688323062
    },
    "h40.0_d11.0": {
      "count": 40,
      "mean_abs_error": 0.030541154938023396,
      "mean_signed_error": 0.015061923314560629
    },
    "h40.0_d12.0": {
      "count": 40,
      "mean_abs_error": 0.033678824308968326,
      "mean_signed_error": 0.017656909840235005
    },
    "h40.0_d13.0": {
      "count": 40,
      "mean_abs_error": 0.035484379199326455,
      "mean_signed_error": 0.017976135529389935
    },
    "h40.0_d14.0": {
      "count": 40,
      "mean_abs_error": 0.03858490524263031,
      "mean_signed_error": 0.01948147993571221
    },
    "h40.0_d15.0": {
      "count": 40,
      "mean_abs_error": 0.04194221613887848,
      "mean_signed_error": 0.021643170530955512
    },
    "h40.0_d16.0": {
      "count": 40,
      "mean_abs_error": 0.043609314649566785,
      "mean_signed_error": 0.02185959798695714
    },
    "h40.0_d17.0": {
      "count": 40,
      "mean_abs_error": 0.045731359710107986,
      "mean_signed_error": 0.02384978154196432
    },
    "h40.0_d18.0": {
      "count": 40,
      "mean_abs_error": 0.047599918420717605,
      "mean_signed_error": 0.02411502838474499
    },
    "h40.0_d19.0": {
      "count": 40,
      "mean_abs_error": 0.04951945857675477,
      "mean_signed_error": 0.025475432378192255
    },
    "h40.0_d2.0": {
      "count": 40,
      "mean_abs_error": 0.0047450205400321206,
      "mean_signed_error": 0.0020271262473133566
    },
    "h40.0_d20.0": {
      "count": 40,
      "mean_abs_error": 0.05017967927693605,
      "mean_signed_error": 0.02592550211389829
    },
    "h40.0_d21.0": {
      "count": 40,
      "mean_abs_error": 0.051766589952388864,
      "mean_signed_error": 0.02646230453397454
    },
    "h40.0_d22.0": {
      "count": 40,
      "mean_abs_error": 0.05279521123268095,
      "mean_signed_error": 0.026834969437469953
    },
    "h40.0_d23.0": {
      "count": 40,
      "mean_abs_error": 0.0541171244343565,
      "mean_signed_error": 0.027294273596439312
    },
    "h40.0_d24.0": {
      "count": 40,
      "mean_abs_error": 0.05496316244994457,
      "mean_signed_error": 0.028842292062474618
    },
    "h40.0_d25.0": {
      "count": 40,
      "mean_abs_error": 0.055973406964896735,
      "mean_signed_error": 0.028982106325230926
    },
    "h40.0_d26.0": {
      "count": 40,
      "mean_abs_error": 0.056209481295881936,
      "mean_signed_error": 0.02896756066188827
    },
    "h40.0_d27.0": {
      "count": 40,
      "mean_abs_error": 0.057068070348788434,
      "mean_signed_error": 0.028553059383867298
    },
    "h40.0_d28.0": {
      "count": 40,
      "mean_abs_error": 0.05681714123421481,
      "mean_signed_error": 0.028993398812393677
    },
    "h40.0_d29.0": {
      "count": 40,
      "mean_abs_error": 0.057179319564027255,
      "mean_signed_error": 0.029543628748079677
    },
    "h40.0_d3.0": {
      "count": 40,
      "mean_abs_error": 0.004855155207254877,
      "mean_signed_error": 0.0012144140538942222
    },
    "h40.0_d30.0": {
      "count": 40,
      "mean_abs_error": 0.05716160648059586,
      "mean_signed_error": 0.029208938979595155
    },
    "h40.0_d31.0": {
      "count": 40,
      "mean_abs_error": 0.056164157853045536,
      "mean_signed_error": 0.02788779108770381
    },
    "h40.0_d32.0": {
      "count": 40,
      "mean_abs_error": 0.056550430205418126,
      "mean_signed_error": 0.027442046176487017
    },
    "h40.0_d33.0": {
      "count": 40,
      "mean_abs_error": 0.056090291676903124,
      "mean_signed_error": 0.027607260747280548
    },
    "h40.0_d34.0": {
      "count": 40,
      "mean_abs_error": 0.05629760833917028,
      "mean_signed_error": 0.028426682802707604
    },
    "h40.0_d35.0": {
      "count": 40,
      "mean_abs_error": 0.055677606032802064,
      "mean_signed_error": 0.027404203375001757
    },
    "h40.0_d36.0": {
      "count": 40,
      "mean_abs_error": 0.05598532645861905,
      "mean_signed_error": 0.02829358616424448
    },
    "h40.0_d37.0": {
      "count": 40,
      "mean_abs_error": 0.05468810899428857,
      "mean_signed_error": 0.02555356146566551
    },
    "h40.0_d38.0": {
      "count": 40,
      "mean_abs_error": 0.05340464239990585,
      "mean_signed_error": 0.027055805766134616
    },
    "h40.0_d39.0": {
      "count": 40,
      "mean_abs_error": 0.05331030617224649,
      "mean_signed_error": 0.025726270018505325
    },
    "h40.0_d4.0": {
      "count": 40,
      "mean_abs_error": 0.008194672617089744,
      "mean_signed_error": 0.0043647157855179735
    },
    "h40.0_d40.0": {
      "count": 40,
      "mean_abs_error": 0.0534104389539398,
      "mean_signed_error": 0.026069275430043493
    },
    "h40.0_d41.0": {
      "count": 40,
      "mean_abs_error": 0.051923237535891564,
      "mean_signed_error": 0.02580203363970641
    },
    "h40.0_d42.0": {
      "count": 40,
      "mean_abs_error": 0.05176082487636099,
      "mean_signed_error": 0.024288334484550766
    },
    "h40.0_d43.0": {
      "count": 40,
      "mean_abs_error": 0.05070161956778987,
      "mean_signed_error": 0.024947810795951493
    },
    "h40.0_d44.0": {
      "count": 40,
      "mean_abs_error": 0.05114529212880773,
      "mean_signed_error": 0.02503710261286838
    },
    "h40.0_d45.0": {
      "count": 40,
      "mean_abs_error": 0.04907849968885729,
      "mean_signed_error": 0.02405439810408992
    },
    "h40.0_d46.0": {
      "count": 40,
      "mean_abs_error": 0.04820069483162874,
      "mean_signed_error": 0.023303274866493185
    },
    "h40.0_d47.0": {
      "count": 40,
      "mean_abs_error": 0.048884697851970985,
      "mean_signed_error": 0.02448150003616356
    },
    "h40.0_d48.0": {
      "count": 40,
      "mean_abs_error": 0.046667466761109,
      "mean_signed_error": 0.022336374632606522
    },
    "h40.0_d49.0": {
      "count": 40,
      "mean_abs_error": 0.04609563558929464,
      "mean_signed_error": 0.022190663879856708
    },
    "h40.0_d5.0": {
      "count": 40,
      "mean_abs_error": 0.011046490501243188,
      "mean_signed_error": 0.005393266218469685
    },
    "h40.0_d50.0": {
      "count": 40,
      "mean_abs_error": 0.04629042423157863,
      "mean_signed_error": 0.023470466293627222
    },
    "h40.0_d51.0": {
      "count": 40,
      "mean_abs_error": 0.04422664217051188,
      "mean_signed_error": 0.021936151061011745
    },
    "h40.0_d52.0": {
      "count": 40,
      "mean_abs_error": 0.044300336278658696,
      "mean_signed_error": 0.02240129287749648
    },
    "h40.0_d53.0": {
      "count": 40,
      "mean_abs_error": 0.043383826319388925,
      "mean_signed_error": 0.021222796644369896
    },
    "h40.0_d54.0": {
      "count": 40,
      "mean_abs_error": 0.04155231784096245,