{
  "dataset_root": "20260318_deadleaf_13b10",
  "profiles": [
    {
      "analysis_pipeline": {
        "acutance_noise_scale_mode": "high_frequency_noise_share_quadratic",
        "acutance_preset_overrides": null,
        "bayer_mode": "demosaic_red",
        "bayer_pattern": "RGGB",
        "calibration_file": "algo/deadleaf_13b10_psd_calibration.json",
        "frequency_scale": 1.0,
        "gamma": 0.5,
        "high_frequency_guard_start_cpp": 0.36,
        "linearization_mode": "toe_power",
        "linearization_toe": 0.12,
        "matched_ori_anchor_mode": "acutance_only",
        "matched_ori_blend_start_cpp": 0.0,
        "matched_ori_blend_stop_cpp": 0.0,
        "matched_ori_correction_clip_hi": 2.0,
        "matched_ori_correction_clip_lo": 0.5,
        "matched_ori_correction_strength": 0.85,
        "matched_ori_reference_anchor": true,
        "mtf_compensation_mode": "sensor_aperture_sinc",
        "mtf_shape_correction_mode": "none",
        "roi_source": "reference_refined",
        "sensor_fill_factor": 1.5,
        "texture_support_scale": true
      },
      "by_mixup_curve_mae_mean": {
        "0.15": 0.04349430577191966,
        "0.25": 0.03725749818234992,
        "0.4": 0.03359654412114193,
        "0.65": 0.04012996298328264,
        "0.8": 0.04960973795023281,
        "ori": 0.05551231869951104
      },
      "by_mixup_quality_loss_mae_mean": {
        "0.15": 3.6981926594063084,
        "0.25": 3.025240544522273,
        "0.4": 2.5032483317858936,
        "0.65": 2.341890748013225,
        "0.8": 2.408201198705565,
        "ori": 2.4990671226374137
      },
      "delta_vs_first_profile": {
        "acutance_focus_preset_mae_mean": -0.0016641915476494212,
        "curve_mae_mean": 0.0008770574335955558,
        "overall_quality_loss_mae_mean": -0.026408665712025048,
        "quality_loss_focus_preset_mae_mean": -0.026408665712025048
      },
      "overall": {
        "acutance_focus_preset_mae_mean": 0.052634469452417475,
        "acutance_preset_mae": {
          "5.5\" Phone Display Acutance": 0.02574820378342595,
          "Computer Monitor Acutance": 0.061100644813503455,
          "Large Print Acutance": 0.0550325179244315,
          "Small Print Acutance": 0.06407944236702581,
          "UHDTV Display Acutance": 0.057211538373700646
        },
        "curve_mae_mean": 0.04235584537340823,
        "overall_quality_loss_mae_mean": 2.8110723339490717,
        "quality_loss_focus_preset_mae_mean": 2.8110723339490717,
        "quality_loss_preset_mae": {
          "5.5\" Phone Display Quality Loss": 0.4688159569703222,
          "Computer Monitor Quality Loss": 4.351313702485138,
          "Large Print Quality Loss": 3.039087968805976,
          "Small Print Quality Loss": 3.076585033858408,
          "UHDTV Display Quality Loss": 3.1195590076255137
        }
      },
      "profile_path": "algo/deadleaf_13b10_imatest_sensor_comp_toe_reference_anchor_acutance_only_strength085_profile.json"
    }
  ]
}
