{
  "dataset_root": "20260318_deadleaf_13b10",
  "profiles": [
    {
      "analysis_pipeline": {
        "bayer_mode": "demosaic_red",
        "bayer_pattern": "RGGB",
        "calibration_file": "algo/deadleaf_13b10_psd_calibration.json",
        "frequency_scale": 1.0,
        "gamma": 0.5,
        "linearization_mode": "toe_power",
        "linearization_toe": 0.12,
        "mtf_compensation_mode": "sensor_aperture_sinc",
        "roi_source": "fixed",
        "sensor_fill_factor": 1.5,
        "signal_psd_correction_gain": 0.0,
        "texture_support_scale": true
      },
      "by_mixup_curve_mae_mean": {
        "0.15": 0.025590098081884605,
        "0.25": 0.02638800224462083,
        "0.4": 0.03207096511307011,
        "0.65": 0.043283038762697706,
        "0.8": 0.05404338577412961,
        "ori": 0.061770158635461245
      },
      "overall": {
        "curve_mae_mean": 0.03812380998255692,
        "mtf_abs_signed_rel_mean": 0.08703160066440721,
        "mtf_bands": {
          "high": {
            "mae_mean": 0.017780575742116257,
            "mre_mean": 0.08924138235519272,
            "signed_rel_mean": 0.04942993716716425
          },
          "low": {
            "mae_mean": 0.03705710217056661,
            "mre_mean": 0.04660723548124569,
            "signed_rel_mean": 0.024091970409264894
          },
          "mid": {
            "mae_mean": 0.03899822413719579,
            "mre_mean": 0.12419333890474175,
            "signed_rel_mean": 0.11014496306764268
          },
          "top": {
            "mae_mean": 0.0737521355222437,
            "mre_mean": 0.2018732064294002,
            "signed_rel_mean": -0.16445953201355698
          }
        },
        "mtf_threshold_mae": {
          "mtf20": 0.02668511059096692,
          "mtf30": 0.036913213773531336,
          "mtf50": 0.009374318432173323
        },
        "preset_mae": {
          "5.5\" Phone Display Acutance": 0.09789918411641521,
          "Computer Monitor Acutance": 0.06306069727882178,
          "Large Print Acutance": 0.05145210787661407,
          "Small Print Acutance": 0.06855789597187138,
          "UHDTV Display Acutance": 0.060163845704691056
        }
      },
      "profile_path": "algo/deadleaf_13b10_imatest_sensor_comp_toe_profile.json"
    },
    {
      "analysis_pipeline": {
        "bayer_mode": "demosaic_red",
        "bayer_pattern": "RGGB",
        "calibration_file": "algo/deadleaf_13b10_psd_calibration.json",
        "frequency_scale": 1.0,
        "gamma": 0.5,
        "linearization_mode": "toe_power",
        "linearization_toe": 0.12,
        "mtf_compensation_mode": "sensor_aperture_sinc",
        "roi_source": "reference_refined",
        "sensor_fill_factor": 1.5,
        "signal_psd_correction_gain": 0.0,
        "texture_support_scale": true
      },
      "by_mixup_curve_mae_mean": {
        "0.15": 0.0255514973894694,
        "0.25": 0.02642293643857269,
        "0.4": 0.03195291082602669,
        "0.65": 0.042886584602547545,
        "0.8": 0.05352259853384401,
        "ori": 0.061727000661879576
      },
      "overall": {
        "curve_mae_mean": 0.037951347164025276,
        "mtf_abs_signed_rel_mean": 0.08692955889841379,
        "mtf_bands": {
          "high": {
            "mae_mean": 0.017639268013990343,
            "mre_mean": 0.08883603386012136,
            "signed_rel_mean": 0.04964177427444007
          },
          "low": {
            "mae_mean": 0.03704553941403868,
            "mre_mean": 0.046572470331734825,
            "signed_rel_mean": 0.0237949421475065
          },
          "mid": {
            "mae_mean": 0.03898616152003224,
            "mre_mean": 0.12397538768693758,
            "signed_rel_mean": 0.10965436746685472
          },
          "top": {
            "mae_mean": 0.0738124428343438,
            "mre_mean": 0.20207246214765648,
            "signed_rel_mean": -0.16462715170485387
          }
        },
        "mtf_threshold_mae": {
          "mtf20": 0.033009025007104606,
          "mtf30": 0.03693523768742383,
          "mtf50": 0.009332615436071163
        },
        "preset_mae": {
          "5.5\" Phone Display Acutance": 0.09788551912270817,
          "Computer Monitor Acutance": 0.06279037830518824,
          "Large Print Acutance": 0.051294716413305255,
          "Small Print Acutance": 0.0685163975265268,
          "UHDTV Display Acutance": 0.05992295292962648
        }
      },
      "profile_path": "algo/deadleaf_13b10_imatest_sensor_comp_toe_reference_refined_profile.json"
    }
  ]
}
