{
  "baseline_curve_mae_mean": 0.0375185889125094,
  "baseline_acutance_focus_preset_mae_mean": 0.04249131400289711,
  "baseline_overall_quality_loss_mae_mean": 1.2221434105099775,
  "probes": [
    {
      "name": "curve_midclip_notch_09925",
      "clip_hi_values": [
        1.02,
        1.03,
        0.9925,
        0.9925,
        1.05,
        1.06
      ],
      "curve_mae_mean": 0.03749834855998175,
      "acutance_focus_preset_mae_mean": 0.04249131400289711,
      "overall_quality_loss_mae_mean": 1.2221434105099775
    },
    {
      "name": "curve_midclip_notch_09900",
      "clip_hi_values": [
        1.02,
        1.03,
        0.99,
        0.99,
        1.05,
        1.06
      ],
      "curve_mae_mean": 0.03747805363419197,
      "acutance_focus_preset_mae_mean": 0.04249131400289711,
      "overall_quality_loss_mae_mean": 1.2221434105099775
    },
    {
      "name": "curve_midclip_notch_09850",
      "clip_hi_values": [
        1.02,
        1.03,
        0.985,
        0.985,
        1.05,
        1.06
      ],
      "curve_mae_mean": 0.0374377973892658,
      "acutance_focus_preset_mae_mean": 0.04249131400289711,
      "overall_quality_loss_mae_mean": 1.2221434105099775
    }
  ]
}
