{
  "baseline_curve_mae_mean": 0.037199173229658544,
  "baseline_acutance_focus_preset_mae_mean": 0.04249131400289711,
  "baseline_overall_quality_loss_mae_mean": 1.2221434105099775,
  "probes": [
    {
      "name": "curve_midclip_notch_09525",
      "clip_hi_values": [
        1.02,
        1.03,
        0.9525,
        0.9525,
        1.05,
        1.06
      ],
      "curve_mae_mean": 0.03718048413457655,
      "acutance_focus_preset_mae_mean": 0.04249131400289711,
      "overall_quality_loss_mae_mean": 1.2221434105099775
    },
    {
      "name": "curve_midclip_notch_09500",
      "clip_hi_values": [
        1.02,
        1.03,
        0.95,
        0.95,
        1.05,
        1.06
      ],
      "curve_mae_mean": 0.037162363223338414,
      "acutance_focus_preset_mae_mean": 0.04249131400289711,
      "overall_quality_loss_mae_mean": 1.2221434105099775
    },
    {
      "name": "curve_midclip_notch_09450",
      "clip_hi_values": [
        1.02,
        1.03,
        0.945,
        0.945,
        1.05,
        1.06
      ],
      "curve_mae_mean": 0.037127277763076685,
      "acutance_focus_preset_mae_mean": 0.04249131400289711,
      "overall_quality_loss_mae_mean": 1.2221434105099775
    }
  ]
}
