{
  "baseline_curve_mae_mean": 0.03727607701408652,
  "baseline_acutance_focus_preset_mae_mean": 0.04249131400289711,
  "baseline_overall_quality_loss_mae_mean": 1.2221434105099775,
  "probes": [
    {
      "name": "curve_midclip_notch_09625",
      "clip_hi_values": [
        1.02,
        1.03,
        0.9625,
        0.9625,
        1.05,
        1.06
      ],
      "curve_mae_mean": 0.0372562859478267,
      "acutance_focus_preset_mae_mean": 0.04249131400289711,
      "overall_quality_loss_mae_mean": 1.2221434105099775
    },
    {
      "name": "curve_midclip_notch_09600",
      "clip_hi_values": [
        1.02,
        1.03,
        0.96,
        0.96,
        1.05,
        1.06
      ],
      "curve_mae_mean": 0.03723652254577271,
      "acutance_focus_preset_mae_mean": 0.04249131400289711,
      "overall_quality_loss_mae_mean": 1.2221434105099775
    },
    {
      "name": "curve_midclip_notch_09550",
      "clip_hi_values": [
        1.02,
        1.03,
        0.955,
        0.955,
        1.05,
        1.06
      ],
      "curve_mae_mean": 0.037199173229658544,
      "acutance_focus_preset_mae_mean": 0.04249131400289711,
      "overall_quality_loss_mae_mean": 1.2221434105099775
    }
  ]
}
