{
  "baseline_profile": "algo/deadleaf_13b10_imatest_sensor_comp_toe_reference_anchor_acutance_only_curve_preset_qualityfit_allpreset_sextic_profile.json",
  "family": {
    "field": "matched_ori_acutance_preset_strength_curve_values",
    "relative_scales": [
      0.0,
      1.15,
      1.35,
      2.6,
      3.0,
      4.5,
      5.8,
      6.2
    ],
    "description": "Bounded non-phone plateau attenuation on top of the current sextic best branch. The plateau covers the remaining non-phone preset scales while leaving the phone-region tail fixed."
  },
  "baseline_overall": {
    "curve_mae_mean": 0.0377686460358099,
    "acutance_focus_preset_mae_mean": 0.04249131400289711,
    "overall_quality_loss_mae_mean": 1.2221434105099775,
    "acutance_preset_mae": {
      "5.5\" Phone Display Acutance": 0.013802151888956607,
      "Computer Monitor Acutance": 0.052691955741307875,
      "UHDTV Display Acutance": 0.047940762746452356,
      "Small Print Acutance": 0.04670043959486586,
      "Large Print Acutance": 0.05132126004290283
    }
  },
  "probes": [
    {
      "name": "nonphone_strength_09",
      "strength_curve_values": [
        1.0,
        1.0,
        0.9,
        0.9,
        1.0,
        0.85,
        0.45,
        0.45
      ],
      "overall": {
        "curve_mae_mean": 0.0377686460358099,
        "acutance_focus_preset_mae_mean": 0.0426669994936895,
        "overall_quality_loss_mae_mean": 1.222251736463366,
        "acutance_preset_mae": {
          "5.5\" Phone Display Acutance": 0.013802151888956607,
          "Computer Monitor Acutance": 0.052731662737744,
          "UHDTV Display Acutance": 0.04767534647953372,
          "Small Print Acutance": 0.04777644539443272,
          "Large Print Acutance": 0.05134939096778044
        }
      }
    },
    {
      "name": "nonphone_strength_08",
      "strength_curve_values": [
        1.0,
        1.0,
        0.8,
        0.8,
        1.0,
        0.85,
        0.45,
        0.45
      ],
      "overall": {
        "curve_mae_mean": 0.0377686460358099,
        "acutance_focus_preset_mae_mean": 0.043028317400243446,
        "overall_quality_loss_mae_mean": 1.240269214979908,
        "acutance_preset_mae": {
          "5.5\" Phone Display Acutance": 0.013802151888956607,
          "Computer Monitor Acutance": 0.05314226540609671,
          "UHDTV Display Acutance": 0.047666026424859856,
          "Small Print Acutance": 0.04895720183256554,
          "Large Print Acutance": 0.051573941448738524
        }
      }
    },
    {
      "name": "nonphone_strength_07",
      "strength_curve_values": [
        1.0,
        1.0,
        0.7,
        0.7,
        1.0,
        0.85,
        0.45,
        0.45
      ],
      "overall": {
        "curve_mae_mean": 0.0377686460358099,
        "acutance_focus_preset_mae_mean": 0.04349242010281222,
        "overall_quality_loss_mae_mean": 1.26524790286934,
        "acutance_preset_mae": {
          "5.5\" Phone Display Acutance": 0.013802151888956607,
          "Computer Monitor Acutance": 0.05366821837017288,
          "UHDTV Display Acutance": 0.047788467389572695,
          "Small Print Acutance": 0.05035783646116319,
          "Large Print Acutance": 0.051845426404195774
        }
      }
    }
  ]
}
