{
  "dataset_root": "20260318_deadleaf_13b10",
  "profiles": [
    {
      "analysis_pipeline": {
        "bayer_mode": "demosaic_red",
        "bayer_pattern": "RGGB",
        "calibration_file": "algo/deadleaf_13b10_psd_calibration.json",
        "frequency_scale": 1.0,
        "gamma": 0.5,
        "linearization_mode": "toe_power",
        "linearization_toe": 0.12,
        "matched_ori_anchor_mode": "acutance_only",
        "matched_ori_blend_start_cpp": 0.0,
        "matched_ori_blend_stop_cpp": 0.0,
        "matched_ori_correction_clip_hi": 2.0,
        "matched_ori_correction_clip_lo": 0.5,
        "matched_ori_correction_strength": 1.0,
        "matched_ori_reference_anchor": true,
        "matched_ori_strength_high": 1.0,
        "matched_ori_strength_low": 0.75,
        "matched_ori_strength_ramp_start_cpp": 0.12,
        "matched_ori_strength_ramp_stop_cpp": 0.3,
        "mtf_compensation_mode": "sensor_aperture_sinc",
        "roi_source": "reference_refined",
        "sensor_fill_factor": 1.5,
        "signal_psd_correction_gain": 0.0,
        "texture_support_scale": true
      },
      "by_mixup_curve_mae_mean": {
        "0.15": 0.04609015099042961,
        "0.25": 0.0392289581690252,
        "0.4": 0.035076445026075445,
        "0.65": 0.04172400272054742,
        "0.8": 0.050808295882209864,
        "ori": 0.056854049369354544
      },
      "overall": {
        "curve_mae_mean": 0.04409857522253822,
        "mtf_abs_signed_rel_mean": 0.08692955889841379,
        "mtf_bands": {
          "high": {
            "mae_mean": 0.017639268013990343,
            "mre_mean": 0.08883603386012136,
            "signed_rel_mean": 0.04964177427444007
          },
          "low": {
            "mae_mean": 0.03704553941403868,
            "mre_mean": 0.046572470331734825,
            "signed_rel_mean": 0.0237949421475065
          },
          "mid": {
            "mae_mean": 0.03898616152003224,
            "mre_mean": 0.12397538768693758,
            "signed_rel_mean": 0.10965436746685472
          },
          "top": {
            "mae_mean": 0.0738124428343438,
            "mre_mean": 0.20207246214765648,
            "signed_rel_mean": -0.16462715170485387
          }
        },
        "mtf_threshold_mae": {
          "mtf20": 0.033009025007104606,
          "mtf30": 0.03693523768742383,
          "mtf50": 0.009332615436071163
        },
        "preset_mae": {
          "5.5\" Phone Display Acutance": 0.034420026321319255,
          "Computer Monitor Acutance": 0.06265288693449036,
          "Large Print Acutance": 0.0563549398737234,
          "Small Print Acutance": 0.06586481579172376,
          "UHDTV Display Acutance": 0.058800785983061196
        }
      },
      "profile_path": "algo/deadleaf_13b10_imatest_sensor_comp_toe_reference_anchor_acutance_only_piecewise_profile.json"
    }
  ]
}
